center_x_px,center_y_px,row_index,col_index,pred_x_px,pred_y_px,residual_px
8.257040314650934079e+02,7.458770894788593750e+02,6.000000000000000000e+00,1.000000000000000000e+01,8.252755039512727535e+02,7.456724623550240949e+02,4.748769208020223176e-01
7.938664658634538682e+02,7.459819277108433653e+02,6.000000000000000000e+00,9.000000000000000000e+00,7.933829129057389764e+02,7.456724623550240949e+02,5.741012710029194110e-01
7.620000000000000000e+02,7.460000000000000000e+02,6.000000000000000000e+00,8.000000000000000000e+00,7.614903218602051993e+02,7.456724623550240949e+02,6.058487559292752289e-01
7.300398773006135116e+02,7.460184049079754232e+02,6.000000000000000000e+00,7.000000000000000000e+00,7.295977308146714222e+02,7.456724623550240949e+02,5.613998263033403990e-01
6.981525252525252654e+02,7.460575757575757052e+02,6.000000000000000000e+00,6.000000000000000000e+00,6.977051397691376451e+02,7.456724623550240949e+02,5.903101757303980124e-01
6.662729103726082940e+02,7.461168177240684827e+02,6.000000000000000000e+00,5.000000000000000000e+00,6.658125487236038680e+02,7.456724623550240949e+02,6.398316511963505482e-01
6.343383084577114914e+02,7.461482587064676864e+02,6.000000000000000000e+00,4.000000000000000000e+00,6.339199576780700909e+02,7.456724623550240949e+02,6.335610016988113546e-01
6.024940119760478865e+02,7.464161676646706383e+02,6.000000000000000000e+00,3.000000000000000000e+00,6.020273666325363138e+02,7.456724623550240949e+02,8.779837494039935963e-01
5.706497512437811110e+02,7.463084577114427702e+02,6.000000000000000000e+00,2.000000000000000000e+00,5.701347755870025367e+02,7.456724623550240949e+02,8.183459051407552254e-01
5.387610789980732307e+02,7.464161849710982324e+02,6.000000000000000000e+00,1.000000000000000000e+00,5.382421845414687596e+02,7.456724623550240949e+02,9.068488224367985406e-01
5.068400383141762404e+02,7.465000000000000000e+02,6.000000000000000000e+00,0.000000000000000000e+00,5.063495934959349825e+02,7.456724623550240949e+02,9.619535714326173936e-01
8.256011560693641513e+02,7.140664739884392702e+02,5.000000000000000000e+00,1.000000000000000000e+01,8.252755039512727535e+02,7.138164616847423076e+02,4.105550560123160109e-01
7.937180232558139323e+02,7.141705426356588760e+02,5.000000000000000000e+00,9.000000000000000000e+00,7.933829129057389764e+02,7.138164616847423076e+02,4.875164269328171041e-01
7.619613095238095184e+02,7.141170634920634939e+02,5.000000000000000000e+00,8.000000000000000000e+00,7.614903218602051993e+02,7.138164616847423076e+02,5.587403921609916946e-01
7.300000000000000000e+02,7.140938123752495130e+02,5.000000000000000000e+00,7.000000000000000000e+00,7.295977308146714222e+02,7.138164616847423076e+02,4.886142680988156406e-01
6.981124260355029492e+02,7.142988165680473003e+02,5.000000000000000000e+00,6.000000000000000000e+00,6.977051397691376451e+02,7.138164616847423076e+02,6.313068479099228636e-01
6.662576204523106753e+02,7.142576204523106753e+02,5.000000000000000000e+00,5.000000000000000000e+00,6.658125487236038680e+02,7.138164616847423076e+02,6.266657018670377388e-01
6.343314339981006924e+02,7.143855650522316409e+02,5.000000000000000000e+00,4.000000000000000000e+00,6.339199576780700909e+02,7.138164616847423076e+02,7.022758751613394912e-01
6.022961904761905316e+02,7.143857142857142435e+02,5.000000000000000000e+00,3.000000000000000000e+00,6.020273666325363138e+02,7.138164616847423076e+02,6.295353704362777192e-01
5.706525821596244441e+02,7.145145539906103522e+02,5.000000000000000000e+00,2.000000000000000000e+00,5.701347755870025367e+02,7.138164616847423076e+02,8.691700145326057836e-01
5.387282196969697452e+02,7.145795454545454959e+02,5.000000000000000000e+00,1.000000000000000000e+00,5.382421845414687596e+02,7.138164616847423076e+02,9.047248267401046817e-01
5.066993464052287663e+02,7.145873015873015675e+02,5.000000000000000000e+00,0.000000000000000000e+00,5.063495934959349825e+02,7.138164616847423076e+02,8.464757840228124275e-01
8.255395480225988649e+02,6.821007532956684827e+02,4.000000000000000000e+00,1.000000000000000000e+01,8.252755039512727535e+02,6.819604610144605203e+02,2.990003273727347977e-01
7.936461251167133923e+02,6.821914098972922602e+02,4.000000000000000000e+00,9.000000000000000000e+00,7.933829129057389764e+02,6.819604610144605203e+02,3.501686086548438381e-01
7.618943323727185089e+02,6.822343900096061589e+02,4.000000000000000000e+00,8.000000000000000000e+00,7.614903218602051993e+02,6.819604610144605203e+02,4.881204652570575453e-01
7.300173410404624974e+02,6.823786127167629729e+02,4.000000000000000000e+00,7.000000000000000000e+00,7.295977308146714222e+02,6.819604610144605203e+02,5.923880381362169878e-01
6.980494186046511231e+02,6.824389534883721353e+02,4.000000000000000000e+00,6.000000000000000000e+00,6.977051397691376451e+02,6.819604610144605203e+02,5.894768563502505998e-01
6.662178030303030027e+02,6.824517045454545041e+02,4.000000000000000000e+00,5.000000000000000000e+00,6.658125487236038680e+02,6.819604610144605203e+02,6.368290664233483556e-01
6.342433712121212466e+02,6.825000000000000000e+02,4.000000000000000000e+00,4.000000000000000000e+00,6.339199576780700909e+02,6.819604610144605203e+02,6.290458098774912576e-01
6.023407613741875366e+02,6.825728876508820804e+02,4.000000000000000000e+00,3.000000000000000000e+00,6.020273666325363138e+02,6.819604610144605203e+02,6.879554121403961275e-01
5.704752747252747440e+02,6.826098901098901024e+02,4.000000000000000000e+00,2.000000000000000000e+00,5.701347755870025367e+02,6.819604610144605203e+02,7.332788099724422137e-01
5.385873015873015675e+02,6.826993464052287663e+02,4.000000000000000000e+00,1.000000000000000000e+00,5.382421845414687596e+02,6.819604610144605203e+02,8.155105125104813446e-01
5.066685032139577629e+02,6.827208448117538637e+02,4.000000000000000000e+00,0.000000000000000000e+00,5.063495934959349825e+02,6.819604610144605203e+02,8.245525619604936463e-01
8.255472910927455814e+02,6.502405876951331720e+02,3.000000000000000000e+00,1.000000000000000000e+01,8.252755039512727535e+02,6.501044603441787331e+02,3.039718834824102212e-01
7.937264492753622562e+02,6.502735507246376301e+02,3.000000000000000000e+00,9.000000000000000000e+00,7.933829129057389764e+02,6.501044603441787331e+02,3.828952781344754364e-01
7.617746999076639440e+02,6.504136657433056143e+02,3.000000000000000000e+00,8.000000000000000000e+00,7.614903218602051993e+02,6.501044603441787331e+02,4.200938618043139616e-01
7.298992467043314036e+02,6.504604519774011351e+02,3.000000000000000000e+00,7.000000000000000000e+00,7.295977308146714222e+02,6.501044603441787331e+02,4.665210334398688929e-01
6.980842803030302548e+02,6.505000000000000000e+02,3.000000000000000000e+00,6.000000000000000000e+00,6.977051397691376451e+02,6.501044603441787331e+02,5.479043381536410351e-01
6.660891364902506666e+02,6.505868152274837257e+02,3.000000000000000000e+00,5.000000000000000000e+00,6.658125487236038680e+02,6.501044603441787331e+02,5.560279004751802479e-01
6.342627669452181181e+02,6.506063138347260519e+02,3.000000000000000000e+00,4.000000000000000000e+00,6.339199576780700909e+02,6.501044603441787331e+02,6.077623874649494828e-01
6.023370064279155258e+02,6.506437098255280489e+02,3.000000000000000000e+00,3.000000000000000000e+00,6.020273666325363138e+02,6.501044603441787331e+02,6.218253822561333743e-01
5.703707762557077103e+02,6.507059360730593198e+02,3.000000000000000000e+00,2.000000000000000000e+00,5.701347755870025367e+02,6.501044603441787331e+02,6.461186950257067352e-01
5.385333333333333030e+02,6.507196347031963342e+02,3.000000000000000000e+00,1.000000000000000000e+00,5.382421845414687596e+02,6.501044603441787331e+02,6.805932052238691243e-01
5.066094459582197942e+02,6.507429609445957794e+02,3.000000000000000000e+00,0.000000000000000000e+00,5.063495934959349825e+02,6.501044603441787331e+02,6.893521008080037982e-01
8.255000000000000000e+02,6.183888888888889142e+02,2.000000000000000000e+00,1.000000000000000000e+01,8.252755039512727535e+02,6.182484596738969458e+02,2.647996229555599212e-01
7.935740740740741330e+02,6.184259259259258670e+02,2.000000000000000000e+00,9.000000000000000000e+00,7.933829129057389764e+02,6.182484596738969458e+02,2.608387679936681747e-01
7.616129032258064626e+02,6.184865591397849585e+02,2.000000000000000000e+00,8.000000000000000000e+00,7.614903218602051993e+02,6.182484596738969458e+02,2.678013197294357717e-01
7.298018018018017301e+02,6.185000000000000000e+02,2.000000000000000000e+00,7.000000000000000000e+00,7.295977308146714222e+02,6.182484596738969458e+02,3.239097149583030633e-01
6.979412827461608231e+02,6.186007226738934150e+02,2.000000000000000000e+00,6.000000000000000000e+00,6.977051397691376451e+02,6.182484596738969458e+02,4.240904700224725210e-01
6.662474885844749224e+02,6.186374429223744755e+02,2.000000000000000000e+00,5.000000000000000000e+00,6.658125487236038680e+02,6.182484596738969458e+02,5.835071980452887219e-01
6.341974637681159948e+02,6.186938405797101268e+02,2.000000000000000000e+00,4.000000000000000000e+00,6.339199576780700909e+02,6.182484596738969458e+02,5.247606895295559015e-01
6.022735507246376301e+02,6.187264492753622562e+02,2.000000000000000000e+00,3.000000000000000000e+00,6.020273666325363138e+02,6.182484596738969458e+02,5.376622232524019829e-01
5.703467023172905783e+02,6.187094474153298052e+02,2.000000000000000000e+00,2.000000000000000000e+00,5.701347755870025367e+02,6.182484596738969458e+02,5.073683442647453079e-01
5.384549431321084967e+02,6.188118985126859570e+02,2.000000000000000000e+00,1.000000000000000000e+00,5.382421845414687596e+02,6.182484596738969458e+02,6.022703238139138771e-01
5.064766839378238501e+02,6.189663212435233390e+02,2.000000000000000000e+00,0.000000000000000000e+00,5.063495934959349825e+02,6.182484596738969458e+02,7.290248374136347742e-01
8.254450261780104938e+02,5.864816753926701267e+02,1.000000000000000000e+00,1.000000000000000000e+01,8.252755039512727535e+02,5.863924590036151585e+02,1.915655225611573587e-01
7.935930851063830005e+02,5.865372340425532229e+02,1.000000000000000000e+00,9.000000000000000000e+00,7.933829129057389764e+02,5.863924590036151585e+02,2.552100425592025990e-01
7.616736111111110858e+02,5.865364583333333712e+02,1.000000000000000000e+00,8.000000000000000000e+00,7.614903218602051993e+02,5.863924590036151585e+02,2.330895889072173432e-01
7.297897977132805636e+02,5.866191732629727085e+02,1.000000000000000000e+00,7.000000000000000000e+00,7.295977308146714222e+02,5.863924590036151585e+02,2.971347319607329784e-01
6.979095744680851112e+02,5.866604609929078151e+02,1.000000000000000000e+00,6.000000000000000000e+00,6.977051397691376451e+02,5.863924590036151585e+02,3.370736008627230329e-01
6.660394736842105203e+02,5.867245614035088010e+02,1.000000000000000000e+00,5.000000000000000000e+00,6.658125487236038680e+02,5.863924590036151585e+02,4.022274751449080310e-01
6.341499999999999773e+02,5.867087719298245929e+02,1.000000000000000000e+00,4.000000000000000000e+00,6.339199576780700909e+02,5.863924590036151585e+02,3.911180603936215694e-01
6.021171875000000000e+02,5.868619791666666288e+02,1.000000000000000000e+00,3.000000000000000000e+00,6.020273666325363138e+02,5.863924590036151585e+02,4.780344880275985697e-01
5.701589743589743193e+02,5.869256410256409708e+02,1.000000000000000000e+00,2.000000000000000000e+00,5.701347755870025367e+02,5.863924590036151585e+02,5.337308771061275436e-01
5.384642857142856656e+02,5.869948979591836178e+02,1.000000000000000000e+00,1.000000000000000000e+00,5.382421845414687596e+02,5.863924590036151585e+02,6.420760283276905067e-01
5.065102040816326507e+02,5.870714285714285552e+02,1.000000000000000000e+00,0.000000000000000000e+00,5.063495934959349825e+02,5.863924590036151585e+02,6.977072697448828409e-01
8.254817708333332575e+02,5.545364583333333712e+02,0.000000000000000000e+00,1.000000000000000000e+01,8.252755039512727535e+02,5.545364583333333712e+02,2.062668820605040310e-01
7.935000000000000000e+02,5.545732984293193795e+02,0.000000000000000000e+00,9.000000000000000000e+00,7.933829129057389764e+02,5.545364583333333712e+02,1.227459991802100359e-01
7.616623600344530587e+02,5.546347975882860055e+02,0.000000000000000000e+00,8.000000000000000000e+00,7.614903218602051993e+02,5.545364583333333712e+02,1.981609004399607354e-01
7.297374254049445881e+02,5.547041773231031812e+02,0.000000000000000000e+00,7.000000000000000000e+00,7.295977308146714222e+02,5.545364583333333712e+02,2.182756012040587557e-01
6.978939779474130773e+02,5.548023748939779125e+02,0.000000000000000000e+00,6.000000000000000000e+00,6.977051397691376451e+02,5.545364583333333712e+02,3.261464008683921389e-01
6.659615384615384528e+02,5.549128205128205309e+02,0.000000000000000000e+00,5.000000000000000000e+00,6.658125487236038680e+02,5.545364583333333712e+02,4.047794858415397212e-01
6.340384615384615472e+02,5.549128205128205309e+02,0.000000000000000000e+00,4.000000000000000000e+00,6.339199576780700909e+02,5.545364583333333712e+02,3.945778187835737305e-01
6.020693400167084519e+02,5.549131161236424532e+02,0.000000000000000000e+00,3.000000000000000000e+00,6.020273666325363138e+02,5.545364583333333712e+02,3.789892557571813980e-01
5.701603694374475708e+02,5.550545759865659647e+02,0.000000000000000000e+00,2.000000000000000000e+00,5.701347755870025367e+02,5.545364583333333712e+02,5.187494074906040531e-01
5.383042071197411360e+02,5.551092233009708252e+02,0.000000000000000000e+00,1.000000000000000000e+00,5.382421845414687596e+02,5.545364583333333712e+02,5.761132773754540359e-01
5.063495934959349825e+02,5.550536585365853171e+02,0.000000000000000000e+00,0.000000000000000000e+00,5.063495934959349825e+02,5.545364583333333712e+02,5.172002032519458226e-01
